{"branch_id": 1, "round": 9, "actions": ["voucher", "freeship", "combo", "flashsale", "loyalty"], "Q_values": [3.6174671722365765, 3.049542967536432, 2.16427963421063, -0.30466763097902777, 4.797291919513829], "hyperparameters": {"alpha": 0.01, "dataset_size": 93.0}}