{"branch_id": 4, "round": 9, "actions": ["voucher", "freeship", "combo", "flashsale", "loyalty"], "Q_values": [5.163550638650938, 1.5561279666074073, 3.717848718551277, 0.022538098031583527, 5.6150448618806434], "hyperparameters": {"alpha": 0.01, "dataset_size": 96.0}}