{"branch_id": 3, "round": 9, "actions": ["voucher", "freeship", "combo", "flashsale", "loyalty"], "Q_values": [258.6299955150489, 140.65727167361194, 127.59254951194453, 72.27705737631686, 210.8440253031213], "hyperparameters": {"alpha": 0.01, "dataset_size": 224.0}}