{"branch_id": 1, "round": 7, "actions": ["voucher", "freeship", "combo", "flashsale", "loyalty"], "Q_values": [17.325525568170434, 80.27911003316777, 25.522756142332153, 85.66957935710829, 115.33169053258291], "hyperparameters": {"alpha": 0.01, "dataset_size": 129.0}}