{
    "actions": [
        "combo",
        "flashsale",
        "freeship",
        "loyalty",
        "voucher"
    ],
    "global_Q": [
        102.30118463230885,
        72.94732390418812,
        86.7740062067063,
        167.42056230174472,
        197.38981511119752
    ],
    "hyperparameters": [
        0.01
    ],
    "round": 10
}