{
    "actions": [
        "combo",
        "flashsale",
        "freeship",
        "loyalty",
        "voucher"
    ],
    "global_Q": [
        27.36203145962466,
        50.33982327350368,
        42.91055733326556,
        107.894431123186,
        15.077458519563463
    ],
    "hyperparameters": [
        0.01
    ],
    "round": 10
}