{
    "branch_id": 3,
    "round": 5,
    "actions": [
        "voucher",
        "freeship",
        "combo",
        "flashsale",
        "loyalty"
    ],
    "Q_values": [
        27.397360483437968,
        36.24035007935279,
        21.591164314331333,
        75.6681450222694,
        79.19544072008887
    ],
    "hyperparameters": {
        "alpha": 0.01,
        "dataset_size": 101.0
    }
}