{
    "branch_id": 3,
    "round": 6,
    "actions": [
        "voucher",
        "freeship",
        "combo",
        "flashsale",
        "loyalty"
    ],
    "Q_values": [
        115.24966597108252,
        65.44695116045567,
        60.13379556927344,
        40.578861607724924,
        118.49788403911064
    ],
    "hyperparameters": {
        "alpha": 0.01,
        "dataset_size": 91.0
    }
}