{
    "branch_id": 3,
    "round": 4,
    "actions": [
        "voucher",
        "freeship",
        "combo",
        "flashsale",
        "loyalty"
    ],
    "Q_values": [
        160.6459303414449,
        123.30437495940274,
        91.04444908130718,
        90.71942894870543,
        184.36511331559564
    ],
    "hyperparameters": {
        "alpha": 0.01,
        "dataset_size": 181.0
    }
}