{
    "branch_id": 3,
    "round": 1,
    "actions": [
        "voucher",
        "freeship",
        "combo",
        "flashsale",
        "loyalty"
    ],
    "Q_values": [
        15.771896701261747,
        92.95961812706993,
        24.231284498733938,
        128.49660084919088,
        144.43686867169913
    ],
    "hyperparameters": {
        "alpha": 0.01,
        "dataset_size": 128.0
    }
}