{
    "branch_id": 3,
    "round": 8,
    "actions": [
        "voucher",
        "freeship",
        "combo",
        "flashsale",
        "loyalty"
    ],
    "Q_values": [
        149.97101308596072,
        82.68503262750151,
        115.06265795366333,
        51.720620543801594,
        115.06808279916018
    ],
    "hyperparameters": {
        "alpha": 0.01,
        "dataset_size": 143.0
    }
}