{
    "branch_id": 3,
    "round": 6,
    "actions": [
        "voucher",
        "freeship",
        "combo",
        "flashsale",
        "loyalty"
    ],
    "Q_values": [
        2.8941296680370896,
        4.182755155897055,
        3.876595440529228,
        2.5931397466012176,
        4.6955033562084685
    ],
    "hyperparameters": {
        "alpha": 0.01,
        "dataset_size": 98.0
    }
}