{
    "branch_id": 3,
    "round": 1,
    "actions": [
        "voucher",
        "freeship",
        "combo",
        "flashsale",
        "loyalty"
    ],
    "Q_values": [
        124.35086731207487,
        79.566016697576,
        84.53241116066351,
        30.81755459714985,
        96.74722587857661
    ],
    "hyperparameters": {
        "alpha": 0.01,
        "dataset_size": 110.0
    }
}