{
    "branch_id": 3,
    "round": 5,
    "actions": [
        "voucher",
        "freeship",
        "combo",
        "flashsale",
        "loyalty"
    ],
    "Q_values": [
        195.7821758208957,
        122.4341717870114,
        125.22316190007508,
        61.20205999718848,
        167.5882288988304
    ],
    "hyperparameters": {
        "alpha": 0.01,
        "dataset_size": 191.0
    }
}