{
    "branch_id": 3,
    "round": 7,
    "actions": [
        "voucher",
        "freeship",
        "combo",
        "flashsale",
        "loyalty"
    ],
    "Q_values": [
        130.35010899298615,
        73.50041545649793,
        96.17249880846991,
        70.95942048242799,
        135.93813381368662
    ],
    "hyperparameters": {
        "alpha": 0.01,
        "dataset_size": 146.0
    }
}