{
    "branch_id": 3,
    "round": 9,
    "actions": [
        "voucher",
        "freeship",
        "combo",
        "flashsale",
        "loyalty"
    ],
    "Q_values": [
        20.352418620810354,
        87.93989821199331,
        29.13760568658755,
        101.11159809098352,
        153.47929692932726
    ],
    "hyperparameters": {
        "alpha": 0.01,
        "dataset_size": 148.0
    }
}