{
    "actions": [
        "combo",
        "flashsale",
        "freeship",
        "loyalty",
        "voucher"
    ],
    "global_Q": [
        12.877022590455935,
        5.423808476716005,
        16.442466463522955,
        16.543843815628378,
        0.0
    ],
    "hyperparameters": [
        0.01
    ],
    "round": 10
}