{"branch_id": 3, "round": 2, "actions": ["voucher", "freeship", "combo", "flashsale", "loyalty"], "Q_values": [9.37240259019712, 55.74015773662303, 16.642601448849298, 57.06394978170321, 117.04081329763994], "hyperparameters": {"alpha": 0.01, "dataset_size": 76.0}}