{
    "actions": [
        "combo",
        "flashsale",
        "freeship",
        "loyalty",
        "voucher"
    ],
    "global_Q": [
        152.5438930448667,
        86.27559041805688,
        143.53308964685823,
        229.75300540294572,
        257.8506252509425
    ],
    "hyperparameters": [
        0.01
    ],
    "round": 10
}