{"branch_id": 3, "round": 10, "actions": ["voucher", "freeship", "combo", "flashsale", "loyalty"], "Q_values": [119.17453327229842, 70.81645833397315, 78.6204480334456, 32.51095711306297, 105.33427906907288], "hyperparameters": {"alpha": 0.01, "dataset_size": 103.0}}