{"branch_id": 3, "round": 1, "actions": ["voucher", "freeship", "combo", "flashsale", "loyalty"], "Q_values": [17.555326287939103, 84.55871736674827, 28.345459418207724, 121.4321468663518, 126.31587041817107], "hyperparameters": {"alpha": 0.01, "dataset_size": 128.0}}