{"branch_id": 3, "round": 5, "actions": ["voucher", "freeship", "combo", "flashsale", "loyalty"], "Q_values": [2.888521171701673, 4.125042915521541, 3.9896114503095186, 2.3748777240958314, 3.9656953101882038], "hyperparameters": {"alpha": 0.01, "dataset_size": 90.0}}