{
    "actions": [
        "combo",
        "flashsale",
        "freeship",
        "loyalty",
        "voucher"
    ],
    "global_Q": [
        78.6204480334456,
        32.51095711306297,
        70.81645833397315,
        105.33427906907288,
        119.17453327229842
    ],
    "hyperparameters": [
        0.01
    ],
    "round": 10
}