{
    "branch_id": 2,
    "round": 1,
    "actions": [
        "voucher",
        "freeship",
        "combo",
        "flashsale",
        "loyalty"
    ],
    "Q_values": [
        23.294553034196046,
        51.92791081693746,
        39.93668461004129,
        40.02237363452984,
        106.11079594333503
    ],
    "hyperparameters": {
        "alpha": 0.01,
        "dataset_size": 89.0
    }
}