{
    "branch_id": 2,
    "round": 1,
    "actions": [
        "voucher",
        "freeship",
        "combo",
        "flashsale",
        "loyalty"
    ],
    "Q_values": [
        118.1051423794612,
        60.490099503855674,
        57.84193711305866,
        25.864554310412245,
        78.76018350656713
    ],
    "hyperparameters": {
        "alpha": 0.01,
        "dataset_size": 81.0
    }
}