{
    "branch_id": 2,
    "round": 8,
    "actions": [
        "voucher",
        "freeship",
        "combo",
        "flashsale",
        "loyalty"
    ],
    "Q_values": [
        28.89602707008366,
        41.41766060887786,
        60.01459378328394,
        63.35105134949086,
        147.9360823888412
    ],
    "hyperparameters": {
        "alpha": 0.01,
        "dataset_size": 113.0
    }
}