{
    "branch_id": 2,
    "round": 2,
    "actions": [
        "voucher",
        "freeship",
        "combo",
        "flashsale",
        "loyalty"
    ],
    "Q_values": [
        313.2243297085572,
        189.47339291582608,
        147.39055583006754,
        73.27633979096507,
        277.26321849326786
    ],
    "hyperparameters": {
        "alpha": 0.01,
        "dataset_size": 304.0
    }
}