{
    "branch_id": 2,
    "round": 9,
    "actions": [
        "voucher",
        "freeship",
        "combo",
        "flashsale",
        "loyalty"
    ],
    "Q_values": [
        109.36999374092976,
        70.71830361277209,
        75.65023682436579,
        33.99795473725542,
        84.90363551419607
    ],
    "hyperparameters": {
        "alpha": 0.01,
        "dataset_size": 94.0
    }
}