{
    "branch_id": 2,
    "round": 4,
    "actions": [
        "voucher",
        "freeship",
        "combo",
        "flashsale",
        "loyalty"
    ],
    "Q_values": [
        126.60118999778601,
        87.54428377024466,
        95.58528753217374,
        45.52861901579058,
        106.25256221215487
    ],
    "hyperparameters": {
        "alpha": 0.01,
        "dataset_size": 118.0
    }
}