{
    "branch_id": 2,
    "round": 5,
    "actions": [
        "voucher",
        "freeship",
        "combo",
        "flashsale",
        "loyalty"
    ],
    "Q_values": [
        53.78413469761269,
        64.065742643219,
        28.617265957252197,
        45.74685137469802,
        76.13622382368328
    ],
    "hyperparameters": {
        "alpha": 0.01,
        "dataset_size": 78.0
    }
}