{
    "branch_id": 2,
    "round": 1,
    "actions": [
        "voucher",
        "freeship",
        "combo",
        "flashsale",
        "loyalty"
    ],
    "Q_values": [
        1415.9094210804378,
        1264.7199899611187,
        2009.4087715203937,
        1695.4470336328434,
        1912.512614231632
    ],
    "hyperparameters": {
        "alpha": 0.01,
        "dataset_size": 1085
    }
}