{
    "branch_id": 2,
    "round": 2,
    "actions": [
        "voucher",
        "freeship",
        "combo",
        "flashsale",
        "loyalty"
    ],
    "Q_values": [
        27.662157470915453,
        36.84264150542062,
        39.71857768710264,
        49.033376226181964,
        78.73259153405226
    ],
    "hyperparameters": {
        "alpha": 0.01,
        "dataset_size": 79.0
    }
}