{
    "branch_id": 2,
    "round": 9,
    "actions": [
        "voucher",
        "freeship",
        "combo",
        "flashsale",
        "loyalty"
    ],
    "Q_values": [
        34.37071428303526,
        61.355626169343424,
        51.7490726893774,
        63.81153962943187,
        137.47565461288036
    ],
    "hyperparameters": {
        "alpha": 0.01,
        "dataset_size": 124.0
    }
}