{
    "branch_id": 2,
    "round": 10,
    "actions": [
        "voucher",
        "freeship",
        "combo",
        "flashsale",
        "loyalty"
    ],
    "Q_values": [
        23.20486628345836,
        46.11506804563143,
        41.707666518294076,
        44.88586762441936,
        152.78898992147955
    ],
    "hyperparameters": {
        "alpha": 0.01,
        "dataset_size": 100.0
    }
}