{
    "branch_id": 2,
    "round": 8,
    "actions": [
        "voucher",
        "freeship",
        "combo",
        "flashsale",
        "loyalty"
    ],
    "Q_values": [
        167.3522582815422,
        82.2171857615103,
        101.70144629504638,
        74.62268534930962,
        174.9226159029444
    ],
    "hyperparameters": {
        "alpha": 0.01,
        "dataset_size": 173.0
    }
}