{
    "branch_id": 2,
    "round": 10,
    "actions": [
        "voucher",
        "freeship",
        "combo",
        "flashsale",
        "loyalty"
    ],
    "Q_values": [
        0.0,
        16.442466463522955,
        12.877022590455935,
        5.423808476716005,
        16.543843815628378
    ],
    "hyperparameters": {
        "alpha": 0.01,
        "dataset_size": 12.0
    }
}