{
    "branch_id": 2,
    "round": 7,
    "actions": [
        "voucher",
        "freeship",
        "combo",
        "flashsale",
        "loyalty"
    ],
    "Q_values": [
        181.4273908900535,
        129.27027137968426,
        124.96976823085684,
        67.14395980760254,
        167.12055917479356
    ],
    "hyperparameters": {
        "alpha": 0.01,
        "dataset_size": 192.0
    }
}