{
    "branch_id": 2,
    "round": 3,
    "actions": [
        "voucher",
        "freeship",
        "combo",
        "flashsale",
        "loyalty"
    ],
    "Q_values": [
        17.542044686789993,
        45.55108843214595,
        52.646032327010495,
        45.412255691284116,
        120.44655377585354
    ],
    "hyperparameters": {
        "alpha": 0.01,
        "dataset_size": 90.0
    }
}