{
    "branch_id": 2,
    "round": 3,
    "actions": [
        "voucher",
        "freeship",
        "combo",
        "flashsale",
        "loyalty"
    ],
    "Q_values": [
        14.889348822765612,
        13.387867731297586,
        14.160211927665891,
        1.8936164608428099,
        11.406592281379016
    ],
    "hyperparameters": {
        "alpha": 0.01,
        "dataset_size": 14.0
    }
}