{
    "branch_id": 2,
    "round": 6,
    "actions": [
        "voucher",
        "freeship",
        "combo",
        "flashsale",
        "loyalty"
    ],
    "Q_values": [
        113.67595443575674,
        65.83429185337106,
        55.68855091156289,
        34.87108143443175,
        97.11786647734083
    ],
    "hyperparameters": {
        "alpha": 0.01,
        "dataset_size": 90.0
    }
}