{
    "branch_id": 4,
    "round": 9,
    "actions": [
        "voucher",
        "freeship",
        "combo",
        "flashsale",
        "loyalty"
    ],
    "Q_values": [
        21.367937417681237,
        69.02717953523029,
        13.729154432511699,
        75.80641772277988,
        160.52032482339004
    ],
    "hyperparameters": {
        "alpha": 0.01,
        "dataset_size": 105.0
    }
}