{
    "branch_id": 4,
    "round": 5,
    "actions": [
        "voucher",
        "freeship",
        "combo",
        "flashsale",
        "loyalty"
    ],
    "Q_values": [
        150.1205137615204,
        88.6176407125056,
        80.47966825686338,
        30.891396974924337,
        95.42979858093852
    ],
    "hyperparameters": {
        "alpha": 0.01,
        "dataset_size": 115.0
    }
}