{
    "branch_id": 4,
    "round": 10,
    "actions": [
        "voucher",
        "freeship",
        "combo",
        "flashsale",
        "loyalty"
    ],
    "Q_values": [
        197.38981511119755,
        86.7740062067063,
        102.30118463230885,
        72.94732390418812,
        167.42056230174472
    ],
    "hyperparameters": {
        "alpha": 0.01,
        "dataset_size": 182.0
    }
}