{
    "branch_id": 4,
    "round": 7,
    "actions": [
        "voucher",
        "freeship",
        "combo",
        "flashsale",
        "loyalty"
    ],
    "Q_values": [
        181.2296297808977,
        126.91731445335738,
        82.45676227845378,
        70.71701264222189,
        166.12902359528684
    ],
    "hyperparameters": {
        "alpha": 0.01,
        "dataset_size": 177.0
    }
}