{
    "branch_id": 4,
    "round": 8,
    "actions": [
        "voucher",
        "freeship",
        "combo",
        "flashsale",
        "loyalty"
    ],
    "Q_values": [
        138.63399177621542,
        87.37508371766344,
        108.80861168774508,
        59.20367370344885,
        165.01905874175708
    ],
    "hyperparameters": {
        "alpha": 0.01,
        "dataset_size": 158.0
    }
}