{
    "branch_id": 4,
    "round": 4,
    "actions": [
        "voucher",
        "freeship",
        "combo",
        "flashsale",
        "loyalty"
    ],
    "Q_values": [
        208.84309500332768,
        111.46694095376856,
        71.63328470745729,
        45.01660230298078,
        166.97666842217185
    ],
    "hyperparameters": {
        "alpha": 0.01,
        "dataset_size": 161.0
    }
}