{
    "branch_id": 4,
    "round": 1,
    "actions": [
        "voucher",
        "freeship",
        "combo",
        "flashsale",
        "loyalty"
    ],
    "Q_values": [
        44.87055923278695,
        18.570924749385526,
        3.187779764498831,
        6.0882830880448084,
        27.549006639814845
    ],
    "hyperparameters": {
        "alpha": 0.01,
        "dataset_size": 23.0
    }
}