{
    "branch_id": 4,
    "round": 1,
    "actions": [
        "voucher",
        "freeship",
        "combo",
        "flashsale",
        "loyalty"
    ],
    "Q_values": [
        1421.2046760408214,
        1559.6547350841556,
        1262.6323888441466,
        1587.3015482459575,
        2282.895202678398
    ],
    "hyperparameters": {
        "alpha": 0.01,
        "dataset_size": 1084
    }
}