{
    "branch_id": 4,
    "round": 3,
    "actions": [
        "voucher",
        "freeship",
        "combo",
        "flashsale",
        "loyalty"
    ],
    "Q_values": [
        75.63130916590583,
        48.23304440364082,
        35.69765330922022,
        12.596728553933024,
        76.08347708900813
    ],
    "hyperparameters": {
        "alpha": 0.01,
        "dataset_size": 56.0
    }
}