{
    "branch_id": 4,
    "round": 6,
    "actions": [
        "voucher",
        "freeship",
        "combo",
        "flashsale",
        "loyalty"
    ],
    "Q_values": [
        27.232467762069398,
        27.54572176580804,
        39.705149770781986,
        19.10077925057145,
        61.26169937402871
    ],
    "hyperparameters": {
        "alpha": 0.01,
        "dataset_size": 45.0
    }
}