{
    "branch_id": 4,
    "round": 1,
    "actions": [
        "voucher",
        "freeship",
        "combo",
        "flashsale",
        "loyalty"
    ],
    "Q_values": [
        15.967545004597538,
        72.76233280401681,
        36.795132130215386,
        63.44259066062023,
        108.12023518351951
    ],
    "hyperparameters": {
        "alpha": 0.01,
        "dataset_size": 98.0
    }
}