{
    "branch_id": 4,
    "round": 2,
    "actions": [
        "voucher",
        "freeship",
        "combo",
        "flashsale",
        "loyalty"
    ],
    "Q_values": [
        110.62204275714636,
        78.3498414882743,
        82.02556001214826,
        33.65578452557683,
        91.26615724309715
    ],
    "hyperparameters": {
        "alpha": 0.01,
        "dataset_size": 103.0
    }
}