{
    "branch_id": 4,
    "round": 3,
    "actions": [
        "voucher",
        "freeship",
        "combo",
        "flashsale",
        "loyalty"
    ],
    "Q_values": [
        9.586974072636972,
        35.41153037559213,
        20.50314619564509,
        72.75212967245051,
        69.39994526298061
    ],
    "hyperparameters": {
        "alpha": 0.01,
        "dataset_size": 69.0
    }
}