{
    "branch_id": 4,
    "round": 9,
    "actions": [
        "voucher",
        "freeship",
        "combo",
        "flashsale",
        "loyalty"
    ],
    "Q_values": [
        58.75298850687847,
        50.787302068926415,
        28.827983368355962,
        17.300747519099552,
        35.047392004344914
    ],
    "hyperparameters": {
        "alpha": 0.01,
        "dataset_size": 46.0
    }
}