{
    "branch_id": 1,
    "round": 1,
    "actions": [
        "voucher",
        "freeship",
        "combo",
        "flashsale",
        "loyalty"
    ],
    "Q_values": [
        190.7586187767858,
        109.36759232027717,
        109.64369897683035,
        45.97573481507487,
        173.97952187609923
    ],
    "hyperparameters": {
        "alpha": 0.01,
        "dataset_size": 161.0
    }
}