{
    "branch_id": 1,
    "round": 3,
    "actions": [
        "voucher",
        "freeship",
        "combo",
        "flashsale",
        "loyalty"
    ],
    "Q_values": [
        168.4089109053539,
        129.63652905146725,
        107.42591235320323,
        59.36668475961368,
        170.79247287587958
    ],
    "hyperparameters": {
        "alpha": 0.01,
        "dataset_size": 174.0
    }
}