{
    "branch_id": 1,
    "round": 9,
    "actions": [
        "voucher",
        "freeship",
        "combo",
        "flashsale",
        "loyalty"
    ],
    "Q_values": [
        152.87057003988997,
        41.13155455902802,
        87.30685348116222,
        47.210860221135384,
        148.16168062527322
    ],
    "hyperparameters": {
        "alpha": 0.01,
        "dataset_size": 117.0
    }
}