{
    "branch_id": 1,
    "round": 8,
    "actions": [
        "voucher",
        "freeship",
        "combo",
        "flashsale",
        "loyalty"
    ],
    "Q_values": [
        125.75536297414224,
        80.43677326835005,
        62.32429801537095,
        31.470498089392382,
        83.10836098395528
    ],
    "hyperparameters": {
        "alpha": 0.01,
        "dataset_size": 100.0
    }
}