{
    "branch_id": 1,
    "round": 1,
    "actions": [
        "voucher",
        "freeship",
        "combo",
        "flashsale",
        "loyalty"
    ],
    "Q_values": [
        8.896703907421259,
        54.42662368677436,
        25.016874133225276,
        50.56093686997998,
        116.16571890119441
    ],
    "hyperparameters": {
        "alpha": 0.01,
        "dataset_size": 94.0
    }
}