{
    "branch_id": 1,
    "round": 10,
    "actions": [
        "voucher",
        "freeship",
        "combo",
        "flashsale",
        "loyalty"
    ],
    "Q_values": [
        257.8506252509425,
        143.53308964685823,
        152.5438930448667,
        86.27559041805688,
        229.75300540294572
    ],
    "hyperparameters": {
        "alpha": 0.01,
        "dataset_size": 260.0
    }
}