{
    "branch_id": 1,
    "round": 5,
    "actions": [
        "voucher",
        "freeship",
        "combo",
        "flashsale",
        "loyalty"
    ],
    "Q_values": [
        267.9469339452337,
        156.88528442650139,
        167.63956411432156,
        97.83812901800178,
        250.86301656075653
    ],
    "hyperparameters": {
        "alpha": 0.01,
        "dataset_size": 288.0
    }
}