{
    "branch_id": 1,
    "round": 6,
    "actions": [
        "voucher",
        "freeship",
        "combo",
        "flashsale",
        "loyalty"
    ],
    "Q_values": [
        136.3802226563983,
        96.00668979663041,
        94.62921013116627,
        55.26550939488047,
        153.71661915388088
    ],
    "hyperparameters": {
        "alpha": 0.01,
        "dataset_size": 148.0
    }
}