{
    "branch_id": 1,
    "round": 7,
    "actions": [
        "voucher",
        "freeship",
        "combo",
        "flashsale",
        "loyalty"
    ],
    "Q_values": [
        48.106525997077426,
        37.26853601060694,
        36.225430749586984,
        13.378098878697433,
        37.420409702332265
    ],
    "hyperparameters": {
        "alpha": 0.01,
        "dataset_size": 42.0
    }
}