{
    "branch_id": 1,
    "round": 4,
    "actions": [
        "voucher",
        "freeship",
        "combo",
        "flashsale",
        "loyalty"
    ],
    "Q_values": [
        162.39842076409448,
        100.29240303584633,
        91.45614834072262,
        63.90420602607109,
        126.8915575798124
    ],
    "hyperparameters": {
        "alpha": 0.01,
        "dataset_size": 145.0
    }
}