{
    "branch_id": 1,
    "round": 10,
    "actions": [
        "voucher",
        "freeship",
        "combo",
        "flashsale",
        "loyalty"
    ],
    "Q_values": [
        11.25284104639291,
        28.873797146476612,
        16.47591124905726,
        32.935355871856345,
        93.47562533135599
    ],
    "hyperparameters": {
        "alpha": 0.01,
        "dataset_size": 69.0
    }
}