{
    "branch_id": 1,
    "round": 2,
    "actions": [
        "voucher",
        "freeship",
        "combo",
        "flashsale",
        "loyalty"
    ],
    "Q_values": [
        257.98934233864674,
        144.05993288066244,
        102.17638843589398,
        66.62327589796354,
        207.0825199032174
    ],
    "hyperparameters": {
        "alpha": 0.01,
        "dataset_size": 213.0
    }
}