{
    "branch_id": 1,
    "round": 4,
    "actions": [
        "voucher",
        "freeship",
        "combo",
        "flashsale",
        "loyalty"
    ],
    "Q_values": [
        3.9753360292012214,
        2.9069866958679995,
        2.323826314660645,
        0.1344005416029975,
        5.102369052365301
    ],
    "hyperparameters": {
        "alpha": 0.01,
        "dataset_size": 120.0
    }
}