{"branch_id": 3, "round": 3, "actions": ["voucher", "freeship", "combo", "flashsale", "loyalty"], "Q_values": [220.6338540383877, 124.29114247553662, 119.02905944218767, 51.67636882197597, 175.63618773557985], "hyperparameters": {"alpha": 0.01, "dataset_size": 185.0}}